{
  "rows": 466,
  "train_rows": 350,
  "valid_rows": 116,
  "train_metrics": {
    "accuracy": 0.98,
    "precision": 1.0,
    "recall": 0.7666666666666667,
    "f1": 0.8679245283018869,
    "auc": 1.0
  },
  "valid_metrics": {
    "accuracy": 1.0,
    "precision": 1.0,
    "recall": 1.0,
    "f1": 1.0,
    "auc": 1.0
  },
  "top_coefficients": {
    "成立年份": 0.9041628206572742,
    "企业年龄": 0.2790308368613733,
    "成立年份缺失": 0.11388082129940079,
    "下游关键词命中数": 0.10029209704043175,
    "中游关键词命中数": 0.08365562882107633,
    "上游关键词命中数": 0.08331124730815269,
    "曾用名长度": 0.04683503341659827,
    "panel_patent_std": 0.045985345205120785,
    "第三产业占地区生产总值的比重_全市": 0.045500220641555386,
    "第三产业占地区生产总值的比重_全市_latest": 0.045500220641555386,
    "第三产业占地区生产总值的比重_全市_mean": 0.045215379003566536,
    "纬度": 0.045110371189831466,
    "panel_years_covered": 0.045067316493453836,
    "数据来源长度": 0.045067316493453836,
    "panel_latest_year": 0.04506731649345382,
    "地级市代码": 0.04506549426890842,
    "adcode": 0.04506545341089391,
    "经度": 0.044975243300241254,
    "人均地区生产总值_元_全市_mean": 0.04249868548158905,
    "人均地区生产总值_元_全市_latest": 0.04222367039348205
  }
}